case_id,backend,target_label,grid_x_m,grid_y_m,actual_x_m,actual_y_m,yaw_deg,repeat_index,domain_class,success,initial_failed_state,initial_failure_reason,failed_state,failure_reason,lift_height_mm,task_duration_ms,detect_source_ms,execute_pick_ms,source_center_error_mm,state_log_json
x01-y01-r01,sim_gt,bottle,0.34,-0.16,0.34,-0.16,0.0,1,IN_DOMAIN,False,VERIFY_GRASP,LIFT_THRESHOLD_NOT_MET,DETECT_SOURCE,OBJECT_OUT_OF_ODD,-94.1,1393.7,0.6,1369.3,0.0,"[{""state"": ""DETECT_SOURCE"", ""success"": true, ""message"": ""selected bottle_0 conf=1.00 base=[ 0.34 -0.16  0.12] (0 ROI pts)"", ""reason"": ""OK"", ""duration_ms"": 0.3}, {""state"": ""PLAN_PICK"", ""success"": true, ""message"": ""grasp=[ 0.34  -0.16   0.165] pre=[ 0.286 -0.134  0.165]"", ""reason"": ""OK"", ""duration_ms"": 0.1}, {""state"": ""EXECUTE_PICK"", ""success"": true, ""message"": ""grasp executed"", ""reason"": ""OK"", ""duration_ms"": 1369.3}, {""state"": ""VERIFY_GRASP"", ""success"": false, ""message"": ""object only rose -94 mm (< 30 mm)"", ""reason"": ""LIFT_THRESHOLD_NOT_MET"", ""duration_ms"": 0.0}, {""state"": ""RECOVER_PICK"", ""success"": true, ""message"": ""gripper opened; safe observation pose reached; old ObjectObservation invalidated"", ""reason"": ""OK"", ""duration_ms"": 23.7}, {""state"": ""DETECT_SOURCE"", ""success"": false, ""message"": ""object center [ 0.354 -1.353  0.026] is outside the tabletop operating domain"", ""reason"": ""OBJECT_OUT_OF_ODD"", ""duration_ms"": 0.3}]"
x01-y02-r01,sim_gt,bottle,0.34,-0.115,0.34,-0.115,0.0,1,IN_DOMAIN,False,VERIFY_GRASP,LIFT_THRESHOLD_NOT_MET,DETECT_SOURCE,OBJECT_OUT_OF_ODD,-94.1,1409.9,0.4,1386.4,0.0,"[{""state"": ""DETECT_SOURCE"", ""success"": true, ""message"": ""selected bottle_0 conf=1.00 base=[ 0.34  -0.115  0.12 ] (0 ROI pts)"", ""reason"": ""OK"", ""duration_ms"": 0.2}, {""state"": ""PLAN_PICK"", ""success"": true, ""message"": ""grasp=[ 0.34  -0.115  0.165] pre=[ 0.283 -0.096  0.165]"", ""reason"": ""OK"", ""duration_ms"": 0.1}, {""state"": ""EXECUTE_PICK"", ""success"": true, ""message"": ""grasp executed"", ""reason"": ""OK"", ""duration_ms"": 1386.4}, {""state"": ""VERIFY_GRASP"", ""success"": false, ""message"": ""object only rose -94 mm (< 30 mm)"", ""reason"": ""LIFT_THRESHOLD_NOT_MET"", ""duration_ms"": 0.0}, {""state"": ""RECOVER_PICK"", ""success"": true, ""message"": ""gripper opened; safe observation pose reached; old ObjectObservation invalidated"", ""reason"": ""OK"", ""duration_ms"": 23.0}, {""state"": ""DETECT_SOURCE"", ""success"": false, ""message"": ""object center [ 0.224 -1.066  0.026] is outside the tabletop operating domain"", ""reason"": ""OBJECT_OUT_OF_ODD"", ""duration_ms"": 0.2}]"
x01-y03-r01,sim_gt,bottle,0.34,-0.07,0.34,-0.07,0.0,1,IN_DOMAIN,False,VERIFY_GRASP,LIFT_THRESHOLD_NOT_MET,DETECT_SOURCE,OBJECT_OUT_OF_ODD,26.0,1426.2,0.5,1401.4,0.0,"[{""state"": ""DETECT_SOURCE"", ""success"": true, ""message"": ""selected bottle_0 conf=1.00 base=[ 0.34 -0.07  0.12] (0 ROI pts)"", ""reason"": ""OK"", ""duration_ms"": 0.3}, {""state"": ""PLAN_PICK"", ""success"": true, ""message"": ""grasp=[ 0.34  -0.07   0.165] pre=[ 0.281 -0.058  0.165]"", ""reason"": ""OK"", ""duration_ms"": 0.1}, {""state"": ""EXECUTE_PICK"", ""success"": true, ""message"": ""grasp executed"", ""reason"": ""OK"", ""duration_ms"": 1401.4}, {""state"": ""VERIFY_GRASP"", ""success"": false, ""message"": ""object only rose 26 mm (< 30 mm)"", ""reason"": ""LIFT_THRESHOLD_NOT_MET"", ""duration_ms"": 0.0}, {""state"": ""RECOVER_PICK"", ""success"": true, ""message"": ""gripper opened; safe observation pose reached; old ObjectObservation invalidated"", ""reason"": ""OK"", ""duration_ms"": 24.1}, {""state"": ""DETECT_SOURCE"", ""success"": false, ""message"": ""object center [-0.118  0.021  0.026] is outside the tabletop operating domain"", ""reason"": ""OBJECT_OUT_OF_ODD"", ""duration_ms"": 0.2}]"
x01-y04-r01,sim_gt,bottle,0.34,-0.025,0.34,-0.025,0.0,1,IN_DOMAIN,True,,,,,33.9,1328.7,0.2,1328.4,0.0,"[{""state"": ""DETECT_SOURCE"", ""success"": true, ""message"": ""selected bottle_0 conf=1.00 base=[ 0.34  -0.025  0.12 ] (0 ROI pts)"", ""reason"": ""OK"", ""duration_ms"": 0.2}, {""state"": ""PLAN_PICK"", ""success"": true, ""message"": ""grasp=[ 0.34  -0.025  0.165] pre=[ 0.28  -0.021  0.165]"", ""reason"": ""OK"", ""duration_ms"": 0.1}, {""state"": ""EXECUTE_PICK"", ""success"": true, ""message"": ""grasp executed"", ""reason"": ""OK"", ""duration_ms"": 1328.4}, {""state"": ""VERIFY_GRASP"", ""success"": true, ""message"": ""object lifted 34 mm"", ""reason"": ""OK"", ""duration_ms"": 0.0}]"
x01-y05-r01,sim_gt,bottle,0.34,0.02,0.34,0.02,0.0,1,IN_DOMAIN,True,,,,,33.9,1332.7,0.2,1332.4,0.0,"[{""state"": ""DETECT_SOURCE"", ""success"": true, ""message"": ""selected bottle_0 conf=1.00 base=[0.34 0.02 0.12] (0 ROI pts)"", ""reason"": ""OK"", ""duration_ms"": 0.2}, {""state"": ""PLAN_PICK"", ""success"": true, ""message"": ""grasp=[0.34  0.02  0.165] pre=[0.28  0.016 0.165]"", ""reason"": ""OK"", ""duration_ms"": 0.1}, {""state"": ""EXECUTE_PICK"", ""success"": true, ""message"": ""grasp executed"", ""reason"": ""OK"", ""duration_ms"": 1332.4}, {""state"": ""VERIFY_GRASP"", ""success"": true, ""message"": ""object lifted 34 mm"", ""reason"": ""OK"", ""duration_ms"": 0.0}]"
x02-y01-r01,sim_gt,bottle,0.36,-0.16,0.36,-0.16,0.0,1,IN_DOMAIN,False,VERIFY_GRASP,LIFT_THRESHOLD_NOT_MET,DETECT_SOURCE,OBJECT_OUT_OF_ODD,26.0,437.3,0.4,409.4,0.0,"[{""state"": ""DETECT_SOURCE"", ""success"": true, ""message"": ""selected bottle_0 conf=1.00 base=[ 0.36 -0.16  0.12] (0 ROI pts)"", ""reason"": ""OK"", ""duration_ms"": 0.2}, {""state"": ""PLAN_PICK"", ""success"": true, ""message"": ""grasp=[ 0.36  -0.16   0.165] pre=[ 0.305 -0.136  0.165]"", ""reason"": ""OK"", ""duration_ms"": 0.1}, {""state"": ""EXECUTE_PICK"", ""success"": true, ""message"": ""grasp executed"", ""reason"": ""OK"", ""duration_ms"": 409.4}, {""state"": ""VERIFY_GRASP"", ""success"": false, ""message"": ""object only rose 26 mm (< 30 mm)"", ""reason"": ""LIFT_THRESHOLD_NOT_MET"", ""duration_ms"": 0.0}, {""state"": ""RECOVER_PICK"", ""success"": true, ""message"": ""gripper opened; safe observation pose reached; old ObjectObservation invalidated"", ""reason"": ""OK"", ""duration_ms"": 27.4}, {""state"": ""DETECT_SOURCE"", ""success"": false, ""message"": ""object center [ 0.524 -0.164  0.146] is outside the tabletop operating domain"", ""reason"": ""OBJECT_OUT_OF_ODD"", ""duration_ms"": 0.2}]"
x02-y02-r01,sim_gt,bottle,0.36,-0.115,0.36,-0.115,0.0,1,IN_DOMAIN,False,VERIFY_GRASP,LIFT_THRESHOLD_NOT_MET,DETECT_SOURCE,OBJECT_OUT_OF_ODD,26.0,1382.2,0.3,1356.2,0.0,"[{""state"": ""DETECT_SOURCE"", ""success"": true, ""message"": ""selected bottle_0 conf=1.00 base=[ 0.36  -0.115  0.12 ] (0 ROI pts)"", ""reason"": ""OK"", ""duration_ms"": 0.1}, {""state"": ""PLAN_PICK"", ""success"": true, ""message"": ""grasp=[ 0.36  -0.115  0.165] pre=[ 0.303 -0.097  0.165]"", ""reason"": ""OK"", ""duration_ms"": 0.1}, {""state"": ""EXECUTE_PICK"", ""success"": true, ""message"": ""grasp executed"", ""reason"": ""OK"", ""duration_ms"": 1356.2}, {""state"": ""VERIFY_GRASP"", ""success"": false, ""message"": ""object only rose 26 mm (< 30 mm)"", ""reason"": ""LIFT_THRESHOLD_NOT_MET"", ""duration_ms"": 0.0}, {""state"": ""RECOVER_PICK"", ""success"": true, ""message"": ""gripper opened; safe observation pose reached; old ObjectObservation invalidated"", ""reason"": ""OK"", ""duration_ms"": 25.6}, {""state"": ""DETECT_SOURCE"", ""success"": false, ""message"": ""object center [ 0.412 -0.708  0.026] is outside the tabletop operating domain"", ""reason"": ""OBJECT_OUT_OF_ODD"", ""duration_ms"": 0.2}]"
x02-y03-r01,sim_gt,bottle,0.36,-0.07,0.36,-0.07,0.0,1,IN_DOMAIN,False,VERIFY_GRASP,LIFT_THRESHOLD_NOT_MET,DETECT_SOURCE,OBJECT_OUT_OF_ODD,-94.3,1383.6,0.4,1360.7,0.0,"[{""state"": ""DETECT_SOURCE"", ""success"": true, ""message"": ""selected bottle_0 conf=1.00 base=[ 0.36 -0.07  0.12] (0 ROI pts)"", ""reason"": ""OK"", ""duration_ms"": 0.2}, {""state"": ""PLAN_PICK"", ""success"": true, ""message"": ""grasp=[ 0.36  -0.07   0.165] pre=[ 0.301 -0.059  0.165]"", ""reason"": ""OK"", ""duration_ms"": 0.1}, {""state"": ""EXECUTE_PICK"", ""success"": true, ""message"": ""grasp executed"", ""reason"": ""OK"", ""duration_ms"": 1360.7}, {""state"": ""VERIFY_GRASP"", ""success"": false, ""message"": ""object only rose -94 mm (< 30 mm)"", ""reason"": ""LIFT_THRESHOLD_NOT_MET"", ""duration_ms"": 0.0}, {""state"": ""RECOVER_PICK"", ""success"": true, ""message"": ""gripper opened; safe observation pose reached; old ObjectObservation invalidated"", ""reason"": ""OK"", ""duration_ms"": 22.4}, {""state"": ""DETECT_SOURCE"", ""success"": false, ""message"": ""object center [ 1.071 -1.547  0.026] is outside the tabletop operating domain"", ""reason"": ""OBJECT_OUT_OF_ODD"", ""duration_ms"": 0.2}]"
x02-y04-r01,sim_gt,bottle,0.36,-0.025,0.36,-0.025,0.0,1,IN_DOMAIN,True,,,,,32.0,1329.4,0.1,1329.2,0.0,"[{""state"": ""DETECT_SOURCE"", ""success"": true, ""message"": ""selected bottle_0 conf=1.00 base=[ 0.36  -0.025  0.12 ] (0 ROI pts)"", ""reason"": ""OK"", ""duration_ms"": 0.1}, {""state"": ""PLAN_PICK"", ""success"": true, ""message"": ""grasp=[ 0.36  -0.025  0.165] pre=[ 0.3   -0.021  0.165]"", ""reason"": ""OK"", ""duration_ms"": 0.1}, {""state"": ""EXECUTE_PICK"", ""success"": true, ""message"": ""grasp executed"", ""reason"": ""OK"", ""duration_ms"": 1329.2}, {""state"": ""VERIFY_GRASP"", ""success"": true, ""message"": ""object lifted 32 mm"", ""reason"": ""OK"", ""duration_ms"": 0.0}]"
x02-y05-r01,sim_gt,bottle,0.36,0.02,0.36,0.02,0.0,1,IN_DOMAIN,True,,,,,32.1,1348.7,0.2,1348.4,0.0,"[{""state"": ""DETECT_SOURCE"", ""success"": true, ""message"": ""selected bottle_0 conf=1.00 base=[0.36 0.02 0.12] (0 ROI pts)"", ""reason"": ""OK"", ""duration_ms"": 0.2}, {""state"": ""PLAN_PICK"", ""success"": true, ""message"": ""grasp=[0.36  0.02  0.165] pre=[0.3   0.017 0.165]"", ""reason"": ""OK"", ""duration_ms"": 0.1}, {""state"": ""EXECUTE_PICK"", ""success"": true, ""message"": ""grasp executed"", ""reason"": ""OK"", ""duration_ms"": 1348.4}, {""state"": ""VERIFY_GRASP"", ""success"": true, ""message"": ""object lifted 32 mm"", ""reason"": ""OK"", ""duration_ms"": 0.0}]"
x03-y01-r01,sim_gt,bottle,0.38,-0.16,0.38,-0.16,0.0,1,IN_DOMAIN,False,VERIFY_GRASP,LIFT_THRESHOLD_NOT_MET,DETECT_SOURCE,OBJECT_OUT_OF_ODD,25.9,430.5,0.2,403.1,0.0,"[{""state"": ""DETECT_SOURCE"", ""success"": true, ""message"": ""selected bottle_0 conf=1.00 base=[ 0.38 -0.16  0.12] (0 ROI pts)"", ""reason"": ""OK"", ""duration_ms"": 0.1}, {""state"": ""PLAN_PICK"", ""success"": true, ""message"": ""grasp=[ 0.38  -0.16   0.165] pre=[ 0.325 -0.137  0.165]"", ""reason"": ""OK"", ""duration_ms"": 0.1}, {""state"": ""EXECUTE_PICK"", ""success"": true, ""message"": ""grasp executed"", ""reason"": ""OK"", ""duration_ms"": 403.1}, {""state"": ""VERIFY_GRASP"", ""success"": false, ""message"": ""object only rose 26 mm (< 30 mm)"", ""reason"": ""LIFT_THRESHOLD_NOT_MET"", ""duration_ms"": 0.0}, {""state"": ""RECOVER_PICK"", ""success"": true, ""message"": ""gripper opened; safe observation pose reached; old ObjectObservation invalidated"", ""reason"": ""OK"", ""duration_ms"": 27.1}, {""state"": ""DETECT_SOURCE"", ""success"": false, ""message"": ""object center [ 0.724 -0.163  0.025] is outside the tabletop operating domain"", ""reason"": ""OBJECT_OUT_OF_ODD"", ""duration_ms"": 0.1}]"
x03-y02-r01,sim_gt,bottle,0.38,-0.115,0.38,-0.115,0.0,1,IN_DOMAIN,False,VERIFY_GRASP,LIFT_THRESHOLD_NOT_MET,DETECT_SOURCE,OBJECT_OUT_OF_ODD,24.1,451.0,0.2,425.8,0.0,"[{""state"": ""DETECT_SOURCE"", ""success"": true, ""message"": ""selected bottle_0 conf=1.00 base=[ 0.38  -0.115  0.12 ] (0 ROI pts)"", ""reason"": ""OK"", ""duration_ms"": 0.1}, {""state"": ""PLAN_PICK"", ""success"": true, ""message"": ""grasp=[ 0.38  -0.115  0.165] pre=[ 0.323 -0.098  0.165]"", ""reason"": ""OK"", ""duration_ms"": 0.1}, {""state"": ""EXECUTE_PICK"", ""success"": true, ""message"": ""grasp executed"", ""reason"": ""OK"", ""duration_ms"": 425.8}, {""state"": ""VERIFY_GRASP"", ""success"": false, ""message"": ""object only rose 24 mm (< 30 mm)"", ""reason"": ""LIFT_THRESHOLD_NOT_MET"", ""duration_ms"": 0.0}, {""state"": ""RECOVER_PICK"", ""success"": true, ""message"": ""gripper opened; safe observation pose reached; old ObjectObservation invalidated"", ""reason"": ""OK"", ""duration_ms"": 24.8}, {""state"": ""DETECT_SOURCE"", ""success"": false, ""message"": ""object center [ 0.54  -0.682  0.026] is outside the tabletop operating domain"", ""reason"": ""OBJECT_OUT_OF_ODD"", ""duration_ms"": 0.1}]"
x03-y03-r01,sim_gt,bottle,0.38,-0.07,0.38,-0.07,0.0,1,IN_DOMAIN,False,VERIFY_GRASP,LIFT_THRESHOLD_NOT_MET,DETECT_SOURCE,OBJECT_OUT_OF_ODD,-94.2,436.0,0.2,413.1,0.0,"[{""state"": ""DETECT_SOURCE"", ""success"": true, ""message"": ""selected bottle_0 conf=1.00 base=[ 0.38 -0.07  0.12] (0 ROI pts)"", ""reason"": ""OK"", ""duration_ms"": 0.1}, {""state"": ""PLAN_PICK"", ""success"": true, ""message"": ""grasp=[ 0.38  -0.07   0.165] pre=[ 0.321 -0.059  0.165]"", ""reason"": ""OK"", ""duration_ms"": 0.1}, {""state"": ""EXECUTE_PICK"", ""success"": true, ""message"": ""grasp executed"", ""reason"": ""OK"", ""duration_ms"": 413.1}, {""state"": ""VERIFY_GRASP"", ""success"": false, ""message"": ""object only rose -94 mm (< 30 mm)"", ""reason"": ""LIFT_THRESHOLD_NOT_MET"", ""duration_ms"": 0.0}, {""state"": ""RECOVER_PICK"", ""success"": true, ""message"": ""gripper opened; safe observation pose reached; old ObjectObservation invalidated"", ""reason"": ""OK"", ""duration_ms"": 22.7}, {""state"": ""DETECT_SOURCE"", ""success"": false, ""message"": ""object center [-0.185  0.139  0.026] is outside the tabletop operating domain"", ""reason"": ""OBJECT_OUT_OF_ODD"", ""duration_ms"": 0.1}]"
x03-y04-r01,sim_gt,bottle,0.38,-0.025,0.38,-0.025,0.0,1,IN_DOMAIN,False,VERIFY_GRASP,LIFT_THRESHOLD_NOT_MET,DETECT_SOURCE,OBJECT_OUT_OF_ODD,9.9,1361.7,0.3,1331.4,0.0,"[{""state"": ""DETECT_SOURCE"", ""success"": true, ""message"": ""selected bottle_0 conf=1.00 base=[ 0.38  -0.025  0.12 ] (0 ROI pts)"", ""reason"": ""OK"", ""duration_ms"": 0.1}, {""state"": ""PLAN_PICK"", ""success"": true, ""message"": ""grasp=[ 0.38  -0.025  0.165] pre=[ 0.32  -0.021  0.165]"", ""reason"": ""OK"", ""duration_ms"": 0.1}, {""state"": ""EXECUTE_PICK"", ""success"": true, ""message"": ""grasp executed"", ""reason"": ""OK"", ""duration_ms"": 1331.4}, {""state"": ""VERIFY_GRASP"", ""success"": false, ""message"": ""object only rose 10 mm (< 30 mm)"", ""reason"": ""LIFT_THRESHOLD_NOT_MET"", ""duration_ms"": 0.0}, {""state"": ""RECOVER_PICK"", ""success"": true, ""message"": ""gripper opened; safe observation pose reached; old ObjectObservation invalidated"", ""reason"": ""OK"", ""duration_ms"": 29.9}, {""state"": ""DETECT_SOURCE"", ""success"": false, ""message"": ""object center [ 0.529 -0.033  0.13 ] is outside the tabletop operating domain"", ""reason"": ""OBJECT_OUT_OF_ODD"", ""duration_ms"": 0.2}]"
x03-y05-r01,sim_gt,bottle,0.38,0.02,0.38,0.02,0.0,1,IN_DOMAIN,False,VERIFY_GRASP,LIFT_THRESHOLD_NOT_MET,DETECT_SOURCE,OBJECT_OUT_OF_ODD,10.3,1358.4,0.2,1328.0,0.0,"[{""state"": ""DETECT_SOURCE"", ""success"": true, ""message"": ""selected bottle_0 conf=1.00 base=[0.38 0.02 0.12] (0 ROI pts)"", ""reason"": ""OK"", ""duration_ms"": 0.1}, {""state"": ""PLAN_PICK"", ""success"": true, ""message"": ""grasp=[0.38  0.02  0.165] pre=[0.32  0.017 0.165]"", ""reason"": ""OK"", ""duration_ms"": 0.1}, {""state"": ""EXECUTE_PICK"", ""success"": true, ""message"": ""grasp executed"", ""reason"": ""OK"", ""duration_ms"": 1328.0}, {""state"": ""VERIFY_GRASP"", ""success"": false, ""message"": ""object only rose 10 mm (< 30 mm)"", ""reason"": ""LIFT_THRESHOLD_NOT_MET"", ""duration_ms"": 0.0}, {""state"": ""RECOVER_PICK"", ""success"": true, ""message"": ""gripper opened; safe observation pose reached; old ObjectObservation invalidated"", ""reason"": ""OK"", ""duration_ms"": 30.0}, {""state"": ""DETECT_SOURCE"", ""success"": false, ""message"": ""object center [0.521 0.03  0.13 ] is outside the tabletop operating domain"", ""reason"": ""OBJECT_OUT_OF_ODD"", ""duration_ms"": 0.1}]"
x04-y01-r01,sim_gt,bottle,0.4,-0.16,0.4,-0.16,0.0,1,IN_DOMAIN,False,VERIFY_GRASP,LIFT_THRESHOLD_NOT_MET,DETECT_SOURCE,OBJECT_OUT_OF_ODD,25.9,432.4,0.2,407.1,0.0,"[{""state"": ""DETECT_SOURCE"", ""success"": true, ""message"": ""selected bottle_0 conf=1.00 base=[ 0.4  -0.16  0.12] (0 ROI pts)"", ""reason"": ""OK"", ""duration_ms"": 0.1}, {""state"": ""PLAN_PICK"", ""success"": true, ""message"": ""grasp=[ 0.4   -0.16   0.165] pre=[ 0.344 -0.138  0.165]"", ""reason"": ""OK"", ""duration_ms"": 0.1}, {""state"": ""EXECUTE_PICK"", ""success"": true, ""message"": ""grasp executed"", ""reason"": ""OK"", ""duration_ms"": 407.1}, {""state"": ""VERIFY_GRASP"", ""success"": false, ""message"": ""object only rose 26 mm (< 30 mm)"", ""reason"": ""LIFT_THRESHOLD_NOT_MET"", ""duration_ms"": 0.0}, {""state"": ""RECOVER_PICK"", ""success"": true, ""message"": ""gripper opened; safe observation pose reached; old ObjectObservation invalidated"", ""reason"": ""OK"", ""duration_ms"": 25.0}, {""state"": ""DETECT_SOURCE"", ""success"": false, ""message"": ""object center [ 0.967 -0.207  0.026] is outside the tabletop operating domain"", ""reason"": ""OBJECT_OUT_OF_ODD"", ""duration_ms"": 0.1}]"
x04-y02-r01,sim_gt,bottle,0.4,-0.115,0.4,-0.115,0.0,1,IN_DOMAIN,False,VERIFY_GRASP,LIFT_THRESHOLD_NOT_MET,DETECT_SOURCE,OBJECT_OUT_OF_ODD,-94.1,433.9,0.2,411.7,0.0,"[{""state"": ""DETECT_SOURCE"", ""success"": true, ""message"": ""selected bottle_0 conf=1.00 base=[ 0.4   -0.115  0.12 ] (0 ROI pts)"", ""reason"": ""OK"", ""duration_ms"": 0.1}, {""state"": ""PLAN_PICK"", ""success"": true, ""message"": ""grasp=[ 0.4   -0.115  0.165] pre=[ 0.342 -0.098  0.165]"", ""reason"": ""OK"", ""duration_ms"": 0.1}, {""state"": ""EXECUTE_PICK"", ""success"": true, ""message"": ""grasp executed"", ""reason"": ""OK"", ""duration_ms"": 411.7}, {""state"": ""VERIFY_GRASP"", ""success"": false, ""message"": ""object only rose -94 mm (< 30 mm)"", ""reason"": ""LIFT_THRESHOLD_NOT_MET"", ""duration_ms"": 0.0}, {""state"": ""RECOVER_PICK"", ""success"": true, ""message"": ""gripper opened; safe observation pose reached; old ObjectObservation invalidated"", ""reason"": ""OK"", ""duration_ms"": 21.9}, {""state"": ""DETECT_SOURCE"", ""success"": false, ""message"": ""object center [ 1.513 -0.076  0.026] is outside the tabletop operating domain"", ""reason"": ""OBJECT_OUT_OF_ODD"", ""duration_ms"": 0.1}]"
x04-y03-r01,sim_gt,bottle,0.4,-0.07,0.4,-0.07,0.0,1,IN_DOMAIN,True,,,,,70.5,1334.5,0.1,1334.3,0.0,"[{""state"": ""DETECT_SOURCE"", ""success"": true, ""message"": ""selected bottle_0 conf=1.00 base=[ 0.364 -0.061  0.146] (0 ROI pts)"", ""reason"": ""OK"", ""duration_ms"": 0.1}, {""state"": ""PLAN_PICK"", ""success"": true, ""message"": ""grasp=[ 0.364 -0.061  0.165] pre=[ 0.305 -0.051  0.165]"", ""reason"": ""OK"", ""duration_ms"": 0.1}, {""state"": ""EXECUTE_PICK"", ""success"": true, ""message"": ""grasp executed"", ""reason"": ""OK"", ""duration_ms"": 1334.3}, {""state"": ""VERIFY_GRASP"", ""success"": true, ""message"": ""object lifted 70 mm"", ""reason"": ""OK"", ""duration_ms"": 0.0}]"
x04-y04-r01,sim_gt,bottle,0.4,-0.025,0.4,-0.025,0.0,1,IN_DOMAIN,False,VERIFY_GRASP,LIFT_THRESHOLD_NOT_MET,DETECT_SOURCE,OBJECT_OUT_OF_ODD,-120.1,1343.5,0.3,1320.7,0.0,"[{""state"": ""DETECT_SOURCE"", ""success"": true, ""message"": ""selected bottle_0 conf=1.00 base=[ 0.365 -0.025  0.146] (0 ROI pts)"", ""reason"": ""OK"", ""duration_ms"": 0.1}, {""state"": ""PLAN_PICK"", ""success"": true, ""message"": ""grasp=[ 0.365 -0.025  0.165] pre=[ 0.305 -0.021  0.165]"", ""reason"": ""OK"", ""duration_ms"": 0.1}, {""state"": ""EXECUTE_PICK"", ""success"": true, ""message"": ""grasp executed"", ""reason"": ""OK"", ""duration_ms"": 1320.7}, {""state"": ""VERIFY_GRASP"", ""success"": false, ""message"": ""object only rose -120 mm (< 30 mm)"", ""reason"": ""LIFT_THRESHOLD_NOT_MET"", ""duration_ms"": 0.0}, {""state"": ""RECOVER_PICK"", ""success"": true, ""message"": ""gripper opened; safe observation pose reached; old ObjectObservation invalidated"", ""reason"": ""OK"", ""duration_ms"": 22.4}, {""state"": ""DETECT_SOURCE"", ""success"": false, ""message"": ""object center [0.92  0.361 0.026] is outside the tabletop operating domain"", ""reason"": ""OBJECT_OUT_OF_ODD"", ""duration_ms"": 0.2}]"
x04-y05-r01,sim_gt,bottle,0.4,0.02,0.4,0.02,0.0,1,IN_DOMAIN,False,DETECT_SOURCE,OBJECT_OUT_OF_ODD,DETECT_SOURCE,OBJECT_OUT_OF_ODD,,0.1,0.1,0,,"[{""state"": ""DETECT_SOURCE"", ""success"": false, ""message"": ""object center [0.365 0.029 0.146] is outside the tabletop operating domain"", ""reason"": ""OBJECT_OUT_OF_ODD"", ""duration_ms"": 0.1}]"
x05-y01-r01,sim_gt,bottle,0.42,-0.16,0.42,-0.16,0.0,1,IN_DOMAIN,False,VERIFY_GRASP,LIFT_THRESHOLD_NOT_MET,DETECT_SOURCE,OBJECT_OUT_OF_ODD,-94.1,435.1,0.2,412.9,0.0,"[{""state"": ""DETECT_SOURCE"", ""success"": true, ""message"": ""selected bottle_0 conf=1.00 base=[ 0.42 -0.16  0.12] (0 ROI pts)"", ""reason"": ""OK"", ""duration_ms"": 0.1}, {""state"": ""PLAN_PICK"", ""success"": true, ""message"": ""grasp=[ 0.42  -0.16   0.165] pre=[ 0.364 -0.139  0.165]"", ""reason"": ""OK"", ""duration_ms"": 0.1}, {""state"": ""EXECUTE_PICK"", ""success"": true, ""message"": ""grasp executed"", ""reason"": ""OK"", ""duration_ms"": 412.9}, {""state"": ""VERIFY_GRASP"", ""success"": false, ""message"": ""object only rose -94 mm (< 30 mm)"", ""reason"": ""LIFT_THRESHOLD_NOT_MET"", ""duration_ms"": 0.0}, {""state"": ""RECOVER_PICK"", ""success"": true, ""message"": ""gripper opened; safe observation pose reached; old ObjectObservation invalidated"", ""reason"": ""OK"", ""duration_ms"": 21.9}, {""state"": ""DETECT_SOURCE"", ""success"": false, ""message"": ""object center [ 1.448 -0.145  0.026] is outside the tabletop operating domain"", ""reason"": ""OBJECT_OUT_OF_ODD"", ""duration_ms"": 0.1}]"
x05-y02-r01,sim_gt,bottle,0.42,-0.115,0.42,-0.115,0.0,1,IN_DOMAIN,False,VERIFY_GRASP,LIFT_THRESHOLD_NOT_MET,DETECT_SOURCE,OBJECT_OUT_OF_ODD,25.9,454.4,0.2,430.1,0.0,"[{""state"": ""DETECT_SOURCE"", ""success"": true, ""message"": ""selected bottle_0 conf=1.00 base=[ 0.42  -0.115  0.12 ] (0 ROI pts)"", ""reason"": ""OK"", ""duration_ms"": 0.1}, {""state"": ""PLAN_PICK"", ""success"": true, ""message"": ""grasp=[ 0.42  -0.115  0.165] pre=[ 0.362 -0.099  0.165]"", ""reason"": ""OK"", ""duration_ms"": 0.1}, {""state"": ""EXECUTE_PICK"", ""success"": true, ""message"": ""grasp executed"", ""reason"": ""OK"", ""duration_ms"": 430.1}, {""state"": ""VERIFY_GRASP"", ""success"": false, ""message"": ""object only rose 26 mm (< 30 mm)"", ""reason"": ""LIFT_THRESHOLD_NOT_MET"", ""duration_ms"": 0.0}, {""state"": ""RECOVER_PICK"", ""success"": true, ""message"": ""gripper opened; safe observation pose reached; old ObjectObservation invalidated"", ""reason"": ""OK"", ""duration_ms"": 24.0}, {""state"": ""DETECT_SOURCE"", ""success"": false, ""message"": ""object center [ 0.529 -0.476  0.026] is outside the tabletop operating domain"", ""reason"": ""OBJECT_OUT_OF_ODD"", ""duration_ms"": 0.1}]"
x05-y03-r01,sim_gt,bottle,0.42,-0.07,0.42,-0.07,0.0,1,IN_DOMAIN,False,VERIFY_GRASP,LIFT_THRESHOLD_NOT_MET,VERIFY_GRASP,LIFT_THRESHOLD_NOT_MET,-120.0,1277.4,0.3,1216.8,0.0,"[{""state"": ""DETECT_SOURCE"", ""success"": true, ""message"": ""selected bottle_0 conf=1.00 base=[ 0.415 -0.064  0.146] (0 ROI pts)"", ""reason"": ""OK"", ""duration_ms"": 0.1}, {""state"": ""PLAN_PICK"", ""success"": true, ""message"": ""grasp=[ 0.415 -0.064  0.165] pre=[ 0.355 -0.055  0.165]"", ""reason"": ""OK"", ""duration_ms"": 0.1}, {""state"": ""EXECUTE_PICK"", ""success"": true, ""message"": ""grasp executed"", ""reason"": ""OK"", ""duration_ms"": 390.6}, {""state"": ""VERIFY_GRASP"", ""success"": false, ""message"": ""object only rose -0 mm (< 30 mm)"", ""reason"": ""LIFT_THRESHOLD_NOT_MET"", ""duration_ms"": 0.0}, {""state"": ""RECOVER_PICK"", ""success"": true, ""message"": ""gripper opened; safe observation pose reached; old ObjectObservation invalidated"", ""reason"": ""OK"", ""duration_ms"": 27.0}, {""state"": ""DETECT_SOURCE"", ""success"": true, ""message"": ""selected bottle_0 conf=1.00 base=[ 0.414 -0.068  0.146] (0 ROI pts)"", ""reason"": ""OK"", ""duration_ms"": 0.1}, {""state"": ""PLAN_PICK"", ""success"": true, ""message"": ""grasp=[ 0.414 -0.068  0.165] pre=[ 0.355 -0.058  0.165]"", ""reason"": ""OK"", ""duration_ms"": 0.1}, {""state"": ""EXECUTE_PICK"", ""success"": true, ""message"": ""grasp executed"", ""reason"": ""OK"", ""duration_ms"": 405.7}, {""state"": ""VERIFY_GRASP"", ""success"": false, ""message"": ""object only rose -0 mm (< 30 mm)"", ""reason"": ""LIFT_THRESHOLD_NOT_MET"", ""duration_ms"": 0.0}, {""state"": ""RECOVER_PICK"", ""success"": true, ""message"": ""gripper opened; safe observation pose reached; old ObjectObservation invalidated"", ""reason"": ""OK"", ""duration_ms"": 33.1}, {""state"": ""DETECT_SOURCE"", ""success"": true, ""message"": ""selected bottle_0 conf=1.00 base=[ 0.414 -0.124  0.146] (0 ROI pts)"", ""reason"": ""OK"", ""duration_ms"": 0.1}, {""state"": ""PLAN_PICK"", ""success"": true, ""message"": ""grasp=[ 0.414 -0.124  0.165] pre=[ 0.356 -0.106  0.165]"", ""reason"": ""OK"", ""duration_ms"": 0.1}, {""state"": ""EXECUTE_PICK"", ""success"": true, ""message"": ""grasp executed"", ""reason"": ""OK"", ""duration_ms"": 420.5}, {""state"": ""VERIFY_GRASP"", ""success"": false, ""message"": ""object only rose -120 mm (< 30 mm)"", ""reason"": ""LIFT_THRESHOLD_NOT_MET"", ""duration_ms"": 0.0}]"
x05-y04-r01,sim_gt,bottle,0.42,-0.025,0.42,-0.025,0.0,1,IN_DOMAIN,False,VERIFY_GRASP,LIFT_THRESHOLD_NOT_MET,DETECT_SOURCE,OBJECT_OUT_OF_ODD,-120.1,819.2,0.3,770.4,0.0,"[{""state"": ""DETECT_SOURCE"", ""success"": true, ""message"": ""selected bottle_0 conf=1.00 base=[ 0.414 -0.025  0.146] (0 ROI pts)"", ""reason"": ""OK"", ""duration_ms"": 0.1}, {""state"": ""PLAN_PICK"", ""success"": true, ""message"": ""grasp=[ 0.414 -0.025  0.165] pre=[ 0.354 -0.022  0.165]"", ""reason"": ""OK"", ""duration_ms"": 0.1}, {""state"": ""EXECUTE_PICK"", ""success"": true, ""message"": ""grasp executed"", ""reason"": ""OK"", ""duration_ms"": 402.8}, {""state"": ""VERIFY_GRASP"", ""success"": false, ""message"": ""object only rose 0 mm (< 30 mm)"", ""reason"": ""LIFT_THRESHOLD_NOT_MET"", ""duration_ms"": 0.0}, {""state"": ""RECOVER_PICK"", ""success"": true, ""message"": ""gripper opened; safe observation pose reached; old ObjectObservation invalidated"", ""reason"": ""OK"", ""duration_ms"": 26.5}, {""state"": ""DETECT_SOURCE"", ""success"": true, ""message"": ""selected bottle_0 conf=1.00 base=[ 0.394 -0.181  0.146] (0 ROI pts)"", ""reason"": ""OK"", ""duration_ms"": 0.1}, {""state"": ""PLAN_PICK"", ""success"": true, ""message"": ""grasp=[ 0.394 -0.181  0.165] pre=[ 0.34  -0.156  0.165]"", ""reason"": ""OK"", ""duration_ms"": 0.1}, {""state"": ""EXECUTE_PICK"", ""success"": true, ""message"": ""grasp executed"", ""reason"": ""OK"", ""duration_ms"": 367.6}, {""state"": ""VERIFY_GRASP"", ""success"": false, ""message"": ""object only rose -120 mm (< 30 mm)"", ""reason"": ""LIFT_THRESHOLD_NOT_MET"", ""duration_ms"": 0.0}, {""state"": ""RECOVER_PICK"", ""success"": true, ""message"": ""gripper opened; safe observation pose reached; old ObjectObservation invalidated"", ""reason"": ""OK"", ""duration_ms"": 21.8}, {""state"": ""DETECT_SOURCE"", ""success"": false, ""message"": ""object center [ 0.561 -2.17   0.026] is outside the tabletop operating domain"", ""reason"": ""OBJECT_OUT_OF_ODD"", ""duration_ms"": 0.1}]"
x05-y05-r01,sim_gt,bottle,0.42,0.02,0.42,0.02,0.0,1,IN_DOMAIN,False,DETECT_SOURCE,OBJECT_OUT_OF_ODD,DETECT_SOURCE,OBJECT_OUT_OF_ODD,,0.1,0.1,0,,"[{""state"": ""DETECT_SOURCE"", ""success"": false, ""message"": ""object center [0.414 0.024 0.146] is outside the tabletop operating domain"", ""reason"": ""OBJECT_OUT_OF_ODD"", ""duration_ms"": 0.1}]"
