case_id,backend,target_label,grid_x_m,grid_y_m,actual_x_m,actual_y_m,yaw_deg,repeat_index,domain_class,success,initial_failed_state,initial_failure_reason,failed_state,failure_reason,lift_height_mm,task_duration_ms,detect_source_ms,execute_pick_ms,source_center_error_mm,selected_direction_deg,direction_policy_mode,direction_policy_band,direction_reference_deg,planned_grasp_z_m,grasp_z_clearance_m,max_cartesian_deviation_mm,lift_horizontal_path_drift_mm,execution_trace_json,target_settle_displacement_mm,unexpected_contacts_json,state_log_json
x01-y01-r01,sim_gt,bottle,0.34,-0.16,0.34,-0.16,0.0,1,IN_DOMAIN,True,,,,,146.5,646.6,0.4,167.2,0.0,319.798867883659,lateral_band,lower,334.79886788365906,0.195,0.07500000000000001,0.03081792051441104,0.07331580191759768,"{""candidate_id"": ""preferred_00"", ""direction_deg"": 319.798867883659, ""pre_close_object_xy_shift_mm"": 0.0, ""close_object_xy_shift_mm"": 0.176, ""lift_horizontal_drift_mm"": 0.86, ""lift_height_mm"": 146.472, ""target_contact_geoms"": [""link7/geom:18"", ""link8/geom:20"", ""table/table_top""], ""bilateral_finger_contact"": true, ""failure_class"": ""NONE""}",0.0,[],"[{""state"": ""DETECT_SOURCE"", ""success"": true, ""message"": ""selected bottle_0 conf=1.00 base=[ 0.34 -0.16  0.12] (0 ROI pts)"", ""reason"": ""OK"", ""duration_ms"": 0.4}, {""state"": ""PLAN_PICK"", ""success"": true, ""message"": ""selected preferred_00 direction=320deg margin=0.003rad"", ""reason"": ""OK"", ""duration_ms"": 479.0}, {""state"": ""EXECUTE_PICK"", ""success"": true, ""message"": ""validated motion plan executed"", ""reason"": ""OK"", ""duration_ms"": 167.2}, {""state"": ""VERIFY_GRASP"", ""success"": true, ""message"": ""object lifted 146 mm"", ""reason"": ""OK"", ""duration_ms"": 0.0}]"
x01-y02-r01,sim_gt,bottle,0.34,-0.115,0.34,-0.115,0.0,1,IN_DOMAIN,True,,,,,146.6,676.8,0.2,164.7,0.0,326.31262062565736,lateral_band,lower,341.31262062565736,0.195,0.07500000000000001,0.9781308229216371,0.07531014527959862,"{""candidate_id"": ""preferred_00"", ""direction_deg"": 326.31262062565736, ""pre_close_object_xy_shift_mm"": 0.0, ""close_object_xy_shift_mm"": 0.179, ""lift_horizontal_drift_mm"": 0.828, ""lift_height_mm"": 146.559, ""target_contact_geoms"": [""link7/geom:18"", ""link8/geom:20"", ""table/table_top""], ""bilateral_finger_contact"": true, ""failure_class"": ""NONE""}",0.0,[],"[{""state"": ""DETECT_SOURCE"", ""success"": true, ""message"": ""selected bottle_0 conf=1.00 base=[ 0.34  -0.115  0.12 ] (0 ROI pts)"", ""reason"": ""OK"", ""duration_ms"": 0.2}, {""state"": ""PLAN_PICK"", ""success"": true, ""message"": ""selected preferred_00 direction=326deg margin=0.000rad"", ""reason"": ""OK"", ""duration_ms"": 511.8}, {""state"": ""EXECUTE_PICK"", ""success"": true, ""message"": ""validated motion plan executed"", ""reason"": ""OK"", ""duration_ms"": 164.7}, {""state"": ""VERIFY_GRASP"", ""success"": true, ""message"": ""object lifted 147 mm"", ""reason"": ""OK"", ""duration_ms"": 0.0}]"
x01-y03-r01,sim_gt,bottle,0.34,-0.07,0.34,-0.07,0.0,1,IN_DOMAIN,True,,,,,146.3,642.0,0.2,166.8,0.0,0.0,lateral_band,upper,0.0,0.195,0.07500000000000001,0.029831286748216137,0.07301350221436866,"{""candidate_id"": ""preferred_00"", ""direction_deg"": 0.0, ""pre_close_object_xy_shift_mm"": 0.0, ""close_object_xy_shift_mm"": 0.149, ""lift_horizontal_drift_mm"": 1.046, ""lift_height_mm"": 146.323, ""target_contact_geoms"": [""link7/geom:18"", ""link8/geom:20"", ""table/table_top""], ""bilateral_finger_contact"": true, ""failure_class"": ""NONE""}",0.0,[],"[{""state"": ""DETECT_SOURCE"", ""success"": true, ""message"": ""selected bottle_0 conf=1.00 base=[ 0.34 -0.07  0.12] (0 ROI pts)"", ""reason"": ""OK"", ""duration_ms"": 0.2}, {""state"": ""PLAN_PICK"", ""success"": true, ""message"": ""selected preferred_00 direction=0deg margin=0.022rad"", ""reason"": ""OK"", ""duration_ms"": 474.9}, {""state"": ""EXECUTE_PICK"", ""success"": true, ""message"": ""validated motion plan executed"", ""reason"": ""OK"", ""duration_ms"": 166.8}, {""state"": ""VERIFY_GRASP"", ""success"": true, ""message"": ""object lifted 146 mm"", ""reason"": ""OK"", ""duration_ms"": 0.0}]"
x01-y04-r01,sim_gt,bottle,0.34,-0.025,0.34,-0.025,0.0,1,IN_DOMAIN,True,,,,,146.4,611.2,0.3,166.6,0.0,0.0,lateral_band,upper,0.0,0.195,0.07500000000000001,0.014313263280998379,0.045462185746026826,"{""candidate_id"": ""preferred_00"", ""direction_deg"": 0.0, ""pre_close_object_xy_shift_mm"": 0.0, ""close_object_xy_shift_mm"": 0.149, ""lift_horizontal_drift_mm"": 1.403, ""lift_height_mm"": 146.391, ""target_contact_geoms"": [""link7/geom:18"", ""link8/geom:20"", ""table/table_top""], ""bilateral_finger_contact"": true, ""failure_class"": ""NONE""}",0.0,[],"[{""state"": ""DETECT_SOURCE"", ""success"": true, ""message"": ""selected bottle_0 conf=1.00 base=[ 0.34  -0.025  0.12 ] (0 ROI pts)"", ""reason"": ""OK"", ""duration_ms"": 0.3}, {""state"": ""PLAN_PICK"", ""success"": true, ""message"": ""selected preferred_00 direction=0deg margin=0.112rad"", ""reason"": ""OK"", ""duration_ms"": 444.3}, {""state"": ""EXECUTE_PICK"", ""success"": true, ""message"": ""validated motion plan executed"", ""reason"": ""OK"", ""duration_ms"": 166.6}, {""state"": ""VERIFY_GRASP"", ""success"": true, ""message"": ""object lifted 146 mm"", ""reason"": ""OK"", ""duration_ms"": 0.0}]"
x01-y05-r01,sim_gt,bottle,0.34,0.02,0.34,0.019999,0.0,1,IN_DOMAIN,True,,,,,146.0,566.3,0.2,165.5,0.0,0.0,lateral_band,upper,0.0,0.195,0.07500000000000001,0.011575941158306976,0.03851836856038511,"{""candidate_id"": ""preferred_00"", ""direction_deg"": 0.0, ""pre_close_object_xy_shift_mm"": 0.0, ""close_object_xy_shift_mm"": 0.191, ""lift_horizontal_drift_mm"": 3.488, ""lift_height_mm"": 146.006, ""target_contact_geoms"": [""link7/geom:18"", ""link8/geom:20"", ""table/table_top""], ""bilateral_finger_contact"": true, ""failure_class"": ""NONE""}",0.0,[],"[{""state"": ""DETECT_SOURCE"", ""success"": true, ""message"": ""selected bottle_0 conf=1.00 base=[0.34 0.02 0.12] (0 ROI pts)"", ""reason"": ""OK"", ""duration_ms"": 0.2}, {""state"": ""PLAN_PICK"", ""success"": true, ""message"": ""selected preferred_00 direction=0deg margin=0.108rad"", ""reason"": ""OK"", ""duration_ms"": 400.6}, {""state"": ""EXECUTE_PICK"", ""success"": true, ""message"": ""validated motion plan executed"", ""reason"": ""OK"", ""duration_ms"": 165.5}, {""state"": ""VERIFY_GRASP"", ""success"": true, ""message"": ""object lifted 146 mm"", ""reason"": ""OK"", ""duration_ms"": 0.0}]"
x02-y01-r01,sim_gt,bottle,0.36,-0.16,0.36,-0.16,0.0,1,IN_DOMAIN,True,,,,,146.3,639.2,0.2,167.6,0.0,321.0375092760311,lateral_band,lower,336.0375092760311,0.195,0.07500000000000001,0.02955345240343126,0.07150863945830721,"{""candidate_id"": ""preferred_00"", ""direction_deg"": 321.0375092760311, ""pre_close_object_xy_shift_mm"": 0.0, ""close_object_xy_shift_mm"": 0.173, ""lift_horizontal_drift_mm"": 0.82, ""lift_height_mm"": 146.295, ""target_contact_geoms"": [""link7/geom:18"", ""link8/geom:20"", ""table/table_top""], ""bilateral_finger_contact"": true, ""failure_class"": ""NONE""}",0.0,[],"[{""state"": ""DETECT_SOURCE"", ""success"": true, ""message"": ""selected bottle_0 conf=1.00 base=[ 0.36 -0.16  0.12] (0 ROI pts)"", ""reason"": ""OK"", ""duration_ms"": 0.2}, {""state"": ""PLAN_PICK"", ""success"": true, ""message"": ""selected preferred_00 direction=321deg margin=0.025rad"", ""reason"": ""OK"", ""duration_ms"": 471.3}, {""state"": ""EXECUTE_PICK"", ""success"": true, ""message"": ""validated motion plan executed"", ""reason"": ""OK"", ""duration_ms"": 167.6}, {""state"": ""VERIFY_GRASP"", ""success"": true, ""message"": ""object lifted 146 mm"", ""reason"": ""OK"", ""duration_ms"": 0.0}]"
x02-y02-r01,sim_gt,bottle,0.36,-0.115,0.36,-0.115,0.0,1,IN_DOMAIN,True,,,,,146.4,651.8,0.2,167.5,0.0,327.2842053457659,lateral_band,lower,342.2842053457659,0.195,0.07500000000000001,0.03063896237497169,0.07308160719493052,"{""candidate_id"": ""preferred_00"", ""direction_deg"": 327.2842053457659, ""pre_close_object_xy_shift_mm"": 0.0, ""close_object_xy_shift_mm"": 0.176, ""lift_horizontal_drift_mm"": 0.798, ""lift_height_mm"": 146.424, ""target_contact_geoms"": [""link7/geom:18"", ""link8/geom:20"", ""table/table_top""], ""bilateral_finger_contact"": true, ""failure_class"": ""NONE""}",0.0,[],"[{""state"": ""DETECT_SOURCE"", ""success"": true, ""message"": ""selected bottle_0 conf=1.00 base=[ 0.36  -0.115  0.12 ] (0 ROI pts)"", ""reason"": ""OK"", ""duration_ms"": 0.2}, {""state"": ""PLAN_PICK"", ""success"": true, ""message"": ""selected preferred_00 direction=327deg margin=0.006rad"", ""reason"": ""OK"", ""duration_ms"": 484.1}, {""state"": ""EXECUTE_PICK"", ""success"": true, ""message"": ""validated motion plan executed"", ""reason"": ""OK"", ""duration_ms"": 167.5}, {""state"": ""VERIFY_GRASP"", ""success"": true, ""message"": ""object lifted 146 mm"", ""reason"": ""OK"", ""duration_ms"": 0.0}]"
x02-y03-r01,sim_gt,bottle,0.36,-0.07,0.36,-0.07,0.0,1,IN_DOMAIN,True,,,,,146.2,727.0,0.2,170.3,0.0,0.0,lateral_band,upper,0.0,0.195,0.07500000000000001,0.026130811905027012,0.06845907824968185,"{""candidate_id"": ""preferred_00"", ""direction_deg"": 0.0, ""pre_close_object_xy_shift_mm"": 0.0, ""close_object_xy_shift_mm"": 0.142, ""lift_horizontal_drift_mm"": 0.865, ""lift_height_mm"": 146.158, ""target_contact_geoms"": [""link7/geom:18"", ""link8/geom:20"", ""table/table_top""], ""bilateral_finger_contact"": true, ""failure_class"": ""NONE""}",0.0,[],"[{""state"": ""DETECT_SOURCE"", ""success"": true, ""message"": ""selected bottle_0 conf=1.00 base=[ 0.36 -0.07  0.12] (0 ROI pts)"", ""reason"": ""OK"", ""duration_ms"": 0.2}, {""state"": ""PLAN_PICK"", ""success"": true, ""message"": ""selected preferred_00 direction=0deg margin=0.044rad"", ""reason"": ""OK"", ""duration_ms"": 556.4}, {""state"": ""EXECUTE_PICK"", ""success"": true, ""message"": ""validated motion plan executed"", ""reason"": ""OK"", ""duration_ms"": 170.3}, {""state"": ""VERIFY_GRASP"", ""success"": true, ""message"": ""object lifted 146 mm"", ""reason"": ""OK"", ""duration_ms"": 0.0}]"
x02-y04-r01,sim_gt,bottle,0.36,-0.025,0.36,-0.025,0.0,1,IN_DOMAIN,True,,,,,146.0,686.5,0.2,169.5,0.0,0.0,lateral_band,upper,0.0,0.195,0.07500000000000001,0.011587801567632314,0.03843504639521871,"{""candidate_id"": ""preferred_00"", ""direction_deg"": 0.0, ""pre_close_object_xy_shift_mm"": 0.0, ""close_object_xy_shift_mm"": 0.145, ""lift_horizontal_drift_mm"": 2.196, ""lift_height_mm"": 146.016, ""target_contact_geoms"": [""link7/geom:18"", ""link8/geom:20"", ""table/table_top""], ""bilateral_finger_contact"": true, ""failure_class"": ""NONE""}",0.0,[],"[{""state"": ""DETECT_SOURCE"", ""success"": true, ""message"": ""selected bottle_0 conf=1.00 base=[ 0.36  -0.025  0.12 ] (0 ROI pts)"", ""reason"": ""OK"", ""duration_ms"": 0.2}, {""state"": ""PLAN_PICK"", ""success"": true, ""message"": ""selected preferred_00 direction=0deg margin=0.118rad"", ""reason"": ""OK"", ""duration_ms"": 516.8}, {""state"": ""EXECUTE_PICK"", ""success"": true, ""message"": ""validated motion plan executed"", ""reason"": ""OK"", ""duration_ms"": 169.5}, {""state"": ""VERIFY_GRASP"", ""success"": true, ""message"": ""object lifted 146 mm"", ""reason"": ""OK"", ""duration_ms"": 0.0}]"
x02-y05-r01,sim_gt,bottle,0.36,0.02,0.36,0.019999,0.0,1,IN_DOMAIN,True,,,,,146.1,777.4,0.2,164.3,0.0,0.0,lateral_band,upper,0.0,0.195,0.07500000000000001,0.009153470292451955,0.03183667348145413,"{""candidate_id"": ""preferred_00"", ""direction_deg"": 0.0, ""pre_close_object_xy_shift_mm"": 0.0, ""close_object_xy_shift_mm"": 0.19, ""lift_horizontal_drift_mm"": 1.982, ""lift_height_mm"": 146.139, ""target_contact_geoms"": [""link7/geom:18"", ""link8/geom:20"", ""table/table_top""], ""bilateral_finger_contact"": true, ""failure_class"": ""NONE""}",0.0,[],"[{""state"": ""DETECT_SOURCE"", ""success"": true, ""message"": ""selected bottle_0 conf=1.00 base=[0.36 0.02 0.12] (0 ROI pts)"", ""reason"": ""OK"", ""duration_ms"": 0.2}, {""state"": ""PLAN_PICK"", ""success"": true, ""message"": ""selected preferred_00 direction=0deg margin=0.124rad"", ""reason"": ""OK"", ""duration_ms"": 612.9}, {""state"": ""EXECUTE_PICK"", ""success"": true, ""message"": ""validated motion plan executed"", ""reason"": ""OK"", ""duration_ms"": 164.3}, {""state"": ""VERIFY_GRASP"", ""success"": true, ""message"": ""object lifted 146 mm"", ""reason"": ""OK"", ""duration_ms"": 0.0}]"
x03-y01-r01,sim_gt,bottle,0.38,-0.16,0.38,-0.16,0.0,1,IN_DOMAIN,True,,,,,146.4,638.1,0.3,165.4,0.0,322.16633523387054,lateral_band,lower,337.16633523387054,0.195,0.07500000000000001,0.02876231496826264,0.07009794145669691,"{""candidate_id"": ""preferred_00"", ""direction_deg"": 322.16633523387054, ""pre_close_object_xy_shift_mm"": 0.0, ""close_object_xy_shift_mm"": 0.17, ""lift_horizontal_drift_mm"": 0.946, ""lift_height_mm"": 146.368, ""target_contact_geoms"": [""link7/geom:18"", ""link8/geom:20"", ""table/table_top""], ""bilateral_finger_contact"": true, ""failure_class"": ""NONE""}",0.0,[],"[{""state"": ""DETECT_SOURCE"", ""success"": true, ""message"": ""selected bottle_0 conf=1.00 base=[ 0.38 -0.16  0.12] (0 ROI pts)"", ""reason"": ""OK"", ""duration_ms"": 0.3}, {""state"": ""PLAN_PICK"", ""success"": true, ""message"": ""selected preferred_00 direction=322deg margin=0.047rad"", ""reason"": ""OK"", ""duration_ms"": 472.4}, {""state"": ""EXECUTE_PICK"", ""success"": true, ""message"": ""validated motion plan executed"", ""reason"": ""OK"", ""duration_ms"": 165.4}, {""state"": ""VERIFY_GRASP"", ""success"": true, ""message"": ""object lifted 146 mm"", ""reason"": ""OK"", ""duration_ms"": 0.0}]"
x03-y02-r01,sim_gt,bottle,0.38,-0.115,0.38,-0.115,0.0,1,IN_DOMAIN,True,,,,,146.4,643.5,0.3,162.8,0.0,328.162521038635,lateral_band,lower,343.162521038635,0.195,0.07500000000000001,0.029390591339597635,0.07124324172259917,"{""candidate_id"": ""preferred_00"", ""direction_deg"": 328.162521038635, ""pre_close_object_xy_shift_mm"": 0.0, ""close_object_xy_shift_mm"": 0.172, ""lift_horizontal_drift_mm"": 0.873, ""lift_height_mm"": 146.368, ""target_contact_geoms"": [""link7/geom:18"", ""link8/geom:20"", ""table/table_top""], ""bilateral_finger_contact"": true, ""failure_class"": ""NONE""}",0.0,[],"[{""state"": ""DETECT_SOURCE"", ""success"": true, ""message"": ""selected bottle_0 conf=1.00 base=[ 0.38  -0.115  0.12 ] (0 ROI pts)"", ""reason"": ""OK"", ""duration_ms"": 0.3}, {""state"": ""PLAN_PICK"", ""success"": true, ""message"": ""selected preferred_00 direction=328deg margin=0.028rad"", ""reason"": ""OK"", ""duration_ms"": 480.4}, {""state"": ""EXECUTE_PICK"", ""success"": true, ""message"": ""validated motion plan executed"", ""reason"": ""OK"", ""duration_ms"": 162.8}, {""state"": ""VERIFY_GRASP"", ""success"": true, ""message"": ""object lifted 146 mm"", ""reason"": ""OK"", ""duration_ms"": 0.0}]"
x03-y03-r01,sim_gt,bottle,0.38,-0.07,0.38,-0.07,0.0,1,IN_DOMAIN,True,,,,,146.0,701.0,0.2,164.2,0.0,0.0,lateral_band,upper,0.0,0.195,0.07500000000000001,0.023466465629453957,0.06420820199184282,"{""candidate_id"": ""preferred_00"", ""direction_deg"": 0.0, ""pre_close_object_xy_shift_mm"": 0.0, ""close_object_xy_shift_mm"": 0.137, ""lift_horizontal_drift_mm"": 0.996, ""lift_height_mm"": 145.998, ""target_contact_geoms"": [""link7/geom:18"", ""link8/geom:20"", ""table/table_top""], ""bilateral_finger_contact"": true, ""failure_class"": ""NONE""}",0.0,[],"[{""state"": ""DETECT_SOURCE"", ""success"": true, ""message"": ""selected bottle_0 conf=1.00 base=[ 0.38 -0.07  0.12] (0 ROI pts)"", ""reason"": ""OK"", ""duration_ms"": 0.2}, {""state"": ""PLAN_PICK"", ""success"": true, ""message"": ""selected preferred_00 direction=0deg margin=0.064rad"", ""reason"": ""OK"", ""duration_ms"": 536.5}, {""state"": ""EXECUTE_PICK"", ""success"": true, ""message"": ""validated motion plan executed"", ""reason"": ""OK"", ""duration_ms"": 164.2}, {""state"": ""VERIFY_GRASP"", ""success"": true, ""message"": ""object lifted 146 mm"", ""reason"": ""OK"", ""duration_ms"": 0.0}]"
x03-y04-r01,sim_gt,bottle,0.38,-0.025,0.38,-0.025,0.0,1,IN_DOMAIN,True,,,,,146.0,643.7,0.3,165.8,0.0,0.0,lateral_band,upper,0.0,0.195,0.07500000000000001,0.010508939019731892,0.033322133332102724,"{""candidate_id"": ""preferred_00"", ""direction_deg"": 0.0, ""pre_close_object_xy_shift_mm"": 0.0, ""close_object_xy_shift_mm"": 0.142, ""lift_horizontal_drift_mm"": 1.752, ""lift_height_mm"": 145.981, ""target_contact_geoms"": [""link7/geom:18"", ""link8/geom:20"", ""table/table_top""], ""bilateral_finger_contact"": true, ""failure_class"": ""NONE""}",0.0,[],"[{""state"": ""DETECT_SOURCE"", ""success"": true, ""message"": ""selected bottle_0 conf=1.00 base=[ 0.38  -0.025  0.12 ] (0 ROI pts)"", ""reason"": ""OK"", ""duration_ms"": 0.3}, {""state"": ""PLAN_PICK"", ""success"": true, ""message"": ""selected preferred_00 direction=0deg margin=0.115rad"", ""reason"": ""OK"", ""duration_ms"": 477.6}, {""state"": ""EXECUTE_PICK"", ""success"": true, ""message"": ""validated motion plan executed"", ""reason"": ""OK"", ""duration_ms"": 165.8}, {""state"": ""VERIFY_GRASP"", ""success"": true, ""message"": ""object lifted 146 mm"", ""reason"": ""OK"", ""duration_ms"": 0.0}]"
x03-y05-r01,sim_gt,bottle,0.38,0.02,0.38,0.019999,0.0,1,IN_DOMAIN,True,,,,,146.0,628.6,0.2,156.7,0.0,0.0,lateral_band,upper,0.0,0.195,0.07500000000000001,0.008804031132115482,0.02709060989222427,"{""candidate_id"": ""preferred_00"", ""direction_deg"": 0.0, ""pre_close_object_xy_shift_mm"": 0.0, ""close_object_xy_shift_mm"": 0.184, ""lift_horizontal_drift_mm"": 1.941, ""lift_height_mm"": 146.003, ""target_contact_geoms"": [""link7/geom:18"", ""link8/geom:20"", ""table/table_top""], ""bilateral_finger_contact"": true, ""failure_class"": ""NONE""}",0.0,[],"[{""state"": ""DETECT_SOURCE"", ""success"": true, ""message"": ""selected bottle_0 conf=1.00 base=[0.38 0.02 0.12] (0 ROI pts)"", ""reason"": ""OK"", ""duration_ms"": 0.2}, {""state"": ""PLAN_PICK"", ""success"": true, ""message"": ""selected preferred_00 direction=0deg margin=0.118rad"", ""reason"": ""OK"", ""duration_ms"": 471.6}, {""state"": ""EXECUTE_PICK"", ""success"": true, ""message"": ""validated motion plan executed"", ""reason"": ""OK"", ""duration_ms"": 156.7}, {""state"": ""VERIFY_GRASP"", ""success"": true, ""message"": ""object lifted 146 mm"", ""reason"": ""OK"", ""duration_ms"": 0.0}]"
x04-y01-r01,sim_gt,bottle,0.4,-0.16,0.4,-0.16,0.0,1,IN_DOMAIN,True,,,,,146.4,646.9,0.2,169.7,0.0,323.1985890493006,lateral_band,lower,338.1985890493006,0.195,0.07500000000000001,0.028353837536780706,0.0691209057806634,"{""candidate_id"": ""preferred_00"", ""direction_deg"": 323.1985890493006, ""pre_close_object_xy_shift_mm"": 0.0, ""close_object_xy_shift_mm"": 0.166, ""lift_horizontal_drift_mm"": 1.029, ""lift_height_mm"": 146.35, ""target_contact_geoms"": [""link7/geom:18"", ""link8/geom:20"", ""table/table_top""], ""bilateral_finger_contact"": true, ""failure_class"": ""NONE""}",0.0,[],"[{""state"": ""DETECT_SOURCE"", ""success"": true, ""message"": ""selected bottle_0 conf=1.00 base=[ 0.4  -0.16  0.12] (0 ROI pts)"", ""reason"": ""OK"", ""duration_ms"": 0.2}, {""state"": ""PLAN_PICK"", ""success"": true, ""message"": ""selected preferred_00 direction=323deg margin=0.070rad"", ""reason"": ""OK"", ""duration_ms"": 477.0}, {""state"": ""EXECUTE_PICK"", ""success"": true, ""message"": ""validated motion plan executed"", ""reason"": ""OK"", ""duration_ms"": 169.7}, {""state"": ""VERIFY_GRASP"", ""success"": true, ""message"": ""object lifted 146 mm"", ""reason"": ""OK"", ""duration_ms"": 0.0}]"
x04-y02-r01,sim_gt,bottle,0.4,-0.115,0.4,-0.115,0.0,1,IN_DOMAIN,True,,,,,146.4,651.0,0.2,168.6,0.0,328.96004785937055,lateral_band,lower,343.96004785937055,0.195,0.07500000000000001,0.028646863475968166,0.06985479279224646,"{""candidate_id"": ""preferred_00"", ""direction_deg"": 328.96004785937055, ""pre_close_object_xy_shift_mm"": 0.0, ""close_object_xy_shift_mm"": 0.169, ""lift_horizontal_drift_mm"": 0.959, ""lift_height_mm"": 146.363, ""target_contact_geoms"": [""link7/geom:18"", ""link8/geom:20"", ""table/table_top""], ""bilateral_finger_contact"": true, ""failure_class"": ""NONE""}",0.0,[],"[{""state"": ""DETECT_SOURCE"", ""success"": true, ""message"": ""selected bottle_0 conf=1.00 base=[ 0.4   -0.115  0.12 ] (0 ROI pts)"", ""reason"": ""OK"", ""duration_ms"": 0.2}, {""state"": ""PLAN_PICK"", ""success"": true, ""message"": ""selected preferred_00 direction=329deg margin=0.052rad"", ""reason"": ""OK"", ""duration_ms"": 482.1}, {""state"": ""EXECUTE_PICK"", ""success"": true, ""message"": ""validated motion plan executed"", ""reason"": ""OK"", ""duration_ms"": 168.6}, {""state"": ""VERIFY_GRASP"", ""success"": true, ""message"": ""object lifted 146 mm"", ""reason"": ""OK"", ""duration_ms"": 0.0}]"
x04-y03-r01,sim_gt,bottle,0.4,-0.07,0.4,-0.07,0.0,1,IN_DOMAIN,True,,,,,146.1,698.3,0.2,165.8,0.0,0.0,lateral_band,upper,0.0,0.195,0.07500000000000001,0.021577890940240863,0.060498144248676396,"{""candidate_id"": ""preferred_00"", ""direction_deg"": 0.0, ""pre_close_object_xy_shift_mm"": 0.0, ""close_object_xy_shift_mm"": 0.124, ""lift_horizontal_drift_mm"": 1.38, ""lift_height_mm"": 146.118, ""target_contact_geoms"": [""link7/geom:18"", ""link8/geom:20"", ""table/table_top""], ""bilateral_finger_contact"": true, ""failure_class"": ""NONE""}",0.0,[],"[{""state"": ""DETECT_SOURCE"", ""success"": true, ""message"": ""selected bottle_0 conf=1.00 base=[ 0.4  -0.07  0.12] (0 ROI pts)"", ""reason"": ""OK"", ""duration_ms"": 0.2}, {""state"": ""PLAN_PICK"", ""success"": true, ""message"": ""selected preferred_00 direction=0deg margin=0.085rad"", ""reason"": ""OK"", ""duration_ms"": 532.3}, {""state"": ""EXECUTE_PICK"", ""success"": true, ""message"": ""validated motion plan executed"", ""reason"": ""OK"", ""duration_ms"": 165.8}, {""state"": ""VERIFY_GRASP"", ""success"": true, ""message"": ""object lifted 146 mm"", ""reason"": ""OK"", ""duration_ms"": 0.0}]"
x04-y04-r01,sim_gt,bottle,0.4,-0.025,0.4,-0.025,0.0,1,IN_DOMAIN,True,,,,,145.8,600.0,0.2,153.3,0.0,0.0,lateral_band,upper,0.0,0.195,0.07500000000000001,0.010301024521671974,0.029641986271571948,"{""candidate_id"": ""preferred_00"", ""direction_deg"": 0.0, ""pre_close_object_xy_shift_mm"": 0.0, ""close_object_xy_shift_mm"": 0.138, ""lift_horizontal_drift_mm"": 2.217, ""lift_height_mm"": 145.813, ""target_contact_geoms"": [""link7/geom:18"", ""link8/geom:20"", ""table/table_top""], ""bilateral_finger_contact"": true, ""failure_class"": ""NONE""}",0.0,[],"[{""state"": ""DETECT_SOURCE"", ""success"": true, ""message"": ""selected bottle_0 conf=1.00 base=[ 0.4   -0.025  0.12 ] (0 ROI pts)"", ""reason"": ""OK"", ""duration_ms"": 0.2}, {""state"": ""PLAN_PICK"", ""success"": true, ""message"": ""selected preferred_00 direction=0deg margin=0.120rad"", ""reason"": ""OK"", ""duration_ms"": 446.5}, {""state"": ""EXECUTE_PICK"", ""success"": true, ""message"": ""validated motion plan executed"", ""reason"": ""OK"", ""duration_ms"": 153.3}, {""state"": ""VERIFY_GRASP"", ""success"": true, ""message"": ""object lifted 146 mm"", ""reason"": ""OK"", ""duration_ms"": 0.0}]"
x04-y05-r01,sim_gt,bottle,0.4,0.02,0.4,0.019999,0.0,1,IN_DOMAIN,True,,,,,146.2,610.5,0.3,150.8,0.0,0.0,lateral_band,upper,0.0,0.195,0.07500000000000001,0.008527050424034786,0.02369012797837412,"{""candidate_id"": ""preferred_00"", ""direction_deg"": 0.0, ""pre_close_object_xy_shift_mm"": 0.0, ""close_object_xy_shift_mm"": 0.178, ""lift_horizontal_drift_mm"": 1.805, ""lift_height_mm"": 146.223, ""target_contact_geoms"": [""link7/geom:18"", ""link8/geom:20"", ""table/table_top""], ""bilateral_finger_contact"": true, ""failure_class"": ""NONE""}",0.0,[],"[{""state"": ""DETECT_SOURCE"", ""success"": true, ""message"": ""selected bottle_0 conf=1.00 base=[0.4  0.02 0.12] (0 ROI pts)"", ""reason"": ""OK"", ""duration_ms"": 0.3}, {""state"": ""PLAN_PICK"", ""success"": true, ""message"": ""selected preferred_00 direction=0deg margin=0.123rad"", ""reason"": ""OK"", ""duration_ms"": 459.3}, {""state"": ""EXECUTE_PICK"", ""success"": true, ""message"": ""validated motion plan executed"", ""reason"": ""OK"", ""duration_ms"": 150.8}, {""state"": ""VERIFY_GRASP"", ""success"": true, ""message"": ""object lifted 146 mm"", ""reason"": ""OK"", ""duration_ms"": 0.0}]"
x05-y01-r01,sim_gt,bottle,0.42,-0.16,0.42,-0.16,0.0,1,IN_DOMAIN,True,,,,,146.4,638.1,0.1,171.1,0.0,324.1454958616114,lateral_band,lower,339.1454958616114,0.195,0.07500000000000001,0.028260981171524105,0.06859956341645675,"{""candidate_id"": ""preferred_00"", ""direction_deg"": 324.1454958616114, ""pre_close_object_xy_shift_mm"": 0.0, ""close_object_xy_shift_mm"": 0.163, ""lift_horizontal_drift_mm"": 1.038, ""lift_height_mm"": 146.369, ""target_contact_geoms"": [""link7/geom:18"", ""link8/geom:20"", ""table/table_top""], ""bilateral_finger_contact"": true, ""failure_class"": ""NONE""}",0.0,[],"[{""state"": ""DETECT_SOURCE"", ""success"": true, ""message"": ""selected bottle_0 conf=1.00 base=[ 0.42 -0.16  0.12] (0 ROI pts)"", ""reason"": ""OK"", ""duration_ms"": 0.1}, {""state"": ""PLAN_PICK"", ""success"": true, ""message"": ""selected preferred_00 direction=324deg margin=0.095rad"", ""reason"": ""OK"", ""duration_ms"": 466.8}, {""state"": ""EXECUTE_PICK"", ""success"": true, ""message"": ""validated motion plan executed"", ""reason"": ""OK"", ""duration_ms"": 171.1}, {""state"": ""VERIFY_GRASP"", ""success"": true, ""message"": ""object lifted 146 mm"", ""reason"": ""OK"", ""duration_ms"": 0.0}]"
x05-y02-r01,sim_gt,bottle,0.42,-0.115,0.42,-0.115,0.0,1,IN_DOMAIN,True,,,,,146.4,636.8,0.3,169.5,0.0,329.68713809196726,lateral_band,lower,344.68713809196726,0.195,0.07500000000000001,0.02830318428970917,0.06894719324426367,"{""candidate_id"": ""preferred_00"", ""direction_deg"": 329.68713809196726, ""pre_close_object_xy_shift_mm"": 0.0, ""close_object_xy_shift_mm"": 0.167, ""lift_horizontal_drift_mm"": 1.018, ""lift_height_mm"": 146.372, ""target_contact_geoms"": [""link7/geom:18"", ""link8/geom:20"", ""table/table_top""], ""bilateral_finger_contact"": true, ""failure_class"": ""NONE""}",0.0,[],"[{""state"": ""DETECT_SOURCE"", ""success"": true, ""message"": ""selected bottle_0 conf=1.00 base=[ 0.42  -0.115  0.12 ] (0 ROI pts)"", ""reason"": ""OK"", ""duration_ms"": 0.3}, {""state"": ""PLAN_PICK"", ""success"": true, ""message"": ""selected preferred_00 direction=330deg margin=0.076rad"", ""reason"": ""OK"", ""duration_ms"": 467.0}, {""state"": ""EXECUTE_PICK"", ""success"": true, ""message"": ""validated motion plan executed"", ""reason"": ""OK"", ""duration_ms"": 169.5}, {""state"": ""VERIFY_GRASP"", ""success"": true, ""message"": ""object lifted 146 mm"", ""reason"": ""OK"", ""duration_ms"": 0.0}]"
x05-y03-r01,sim_gt,bottle,0.42,-0.07,0.42,-0.07,0.0,1,IN_DOMAIN,True,,,,,145.9,696.2,0.3,169.2,0.0,0.0,lateral_band,upper,0.0,0.195,0.07500000000000001,0.020253936169397142,0.05744872099004612,"{""candidate_id"": ""preferred_00"", ""direction_deg"": 0.0, ""pre_close_object_xy_shift_mm"": 0.0, ""close_object_xy_shift_mm"": 0.12, ""lift_horizontal_drift_mm"": 1.458, ""lift_height_mm"": 145.859, ""target_contact_geoms"": [""link7/geom:18"", ""link8/geom:20"", ""table/table_top""], ""bilateral_finger_contact"": true, ""failure_class"": ""NONE""}",0.0,[],"[{""state"": ""DETECT_SOURCE"", ""success"": true, ""message"": ""selected bottle_0 conf=1.00 base=[ 0.42 -0.07  0.12] (0 ROI pts)"", ""reason"": ""OK"", ""duration_ms"": 0.3}, {""state"": ""PLAN_PICK"", ""success"": true, ""message"": ""selected preferred_00 direction=0deg margin=0.108rad"", ""reason"": ""OK"", ""duration_ms"": 526.6}, {""state"": ""EXECUTE_PICK"", ""success"": true, ""message"": ""validated motion plan executed"", ""reason"": ""OK"", ""duration_ms"": 169.2}, {""state"": ""VERIFY_GRASP"", ""success"": true, ""message"": ""object lifted 146 mm"", ""reason"": ""OK"", ""duration_ms"": 0.0}]"
x05-y04-r01,sim_gt,bottle,0.42,-0.025,0.42,-0.025,0.0,1,IN_DOMAIN,True,,,,,146.0,615.2,0.2,161.0,0.0,0.0,lateral_band,upper,0.0,0.195,0.07500000000000001,0.010166719062122638,0.027018838037141873,"{""candidate_id"": ""preferred_00"", ""direction_deg"": 0.0, ""pre_close_object_xy_shift_mm"": 0.0, ""close_object_xy_shift_mm"": 0.133, ""lift_horizontal_drift_mm"": 2.444, ""lift_height_mm"": 146.033, ""target_contact_geoms"": [""link7/geom:18"", ""link8/geom:20"", ""table/table_top""], ""bilateral_finger_contact"": true, ""failure_class"": ""NONE""}",0.0,[],"[{""state"": ""DETECT_SOURCE"", ""success"": true, ""message"": ""selected bottle_0 conf=1.00 base=[ 0.42  -0.025  0.12 ] (0 ROI pts)"", ""reason"": ""OK"", ""duration_ms"": 0.2}, {""state"": ""PLAN_PICK"", ""success"": true, ""message"": ""selected preferred_00 direction=0deg margin=0.133rad"", ""reason"": ""OK"", ""duration_ms"": 453.9}, {""state"": ""EXECUTE_PICK"", ""success"": true, ""message"": ""validated motion plan executed"", ""reason"": ""OK"", ""duration_ms"": 161.0}, {""state"": ""VERIFY_GRASP"", ""success"": true, ""message"": ""object lifted 146 mm"", ""reason"": ""OK"", ""duration_ms"": 0.0}]"
x05-y05-r01,sim_gt,bottle,0.42,0.02,0.42,0.019999,0.0,1,IN_DOMAIN,True,,,,,146.1,606.7,0.2,156.9,0.0,0.0,lateral_band,upper,0.0,0.195,0.07500000000000001,0.008293446836763073,0.021235610553952906,"{""candidate_id"": ""preferred_00"", ""direction_deg"": 0.0, ""pre_close_object_xy_shift_mm"": 0.0, ""close_object_xy_shift_mm"": 0.172, ""lift_horizontal_drift_mm"": 1.926, ""lift_height_mm"": 146.106, ""target_contact_geoms"": [""link7/geom:18"", ""link8/geom:20"", ""table/table_top""], ""bilateral_finger_contact"": true, ""failure_class"": ""NONE""}",0.0,[],"[{""state"": ""DETECT_SOURCE"", ""success"": true, ""message"": ""selected bottle_0 conf=1.00 base=[0.42 0.02 0.12] (0 ROI pts)"", ""reason"": ""OK"", ""duration_ms"": 0.2}, {""state"": ""PLAN_PICK"", ""success"": true, ""message"": ""selected preferred_00 direction=0deg margin=0.135rad"", ""reason"": ""OK"", ""duration_ms"": 449.5}, {""state"": ""EXECUTE_PICK"", ""success"": true, ""message"": ""validated motion plan executed"", ""reason"": ""OK"", ""duration_ms"": 156.9}, {""state"": ""VERIFY_GRASP"", ""success"": true, ""message"": ""object lifted 146 mm"", ""reason"": ""OK"", ""duration_ms"": 0.0}]"
